,DO_CONC_in,Hour,Date,DateTime,DO_SAT_in,DO_MAX_CONC_in,PPFD_hourly_sum_SIM,PPFD_hourly_sum_solarPy,Q_CMS,travel_time_HRS,area_M2,depth_M,T_air,t_water_daily,v_f,k600
24,7.091617902544678,23.0,1978-07-14,1978-07-14 00:00:00,79.29793069103054,8.943004994891773,,0.0,497.0,36.822831949763575,35719218.6124595,2.4242199183427555,,21.2,0.8297991745241566,1.8379526307513758
25,6.748081151012987,0.0,1978-07-14,1978-07-14 01:00:00,75.48680743911537,8.939417866434104,,0.0,497.0,36.822831949763575,35719218.6124595,2.4242199183427555,,21.2,0.8297991745241566,1.8379526307513758
26,6.4098943855736135,1.0,1978-07-14,1978-07-14 02:00:00,71.70371137522955,8.939417866434104,,0.0,497.0,36.822831949763575,35719218.6124595,2.4242199183427555,,21.2,0.8297991745241566,1.8379526307513758
27,6.099370665908494,2.0,1978-07-14,1978-07-14 03:00:00,68.23006550359982,8.939417866434104,,0.0,497.0,36.822831949763575,35719218.6124595,2.4242199183427555,,21.2,0.8297991745241566,1.8379526307513758
28,5.836594318267368,3.0,1978-07-14,1978-07-14 04:00:00,65.3101966591909,8.93672752009085,,0.7012859145804807,497.0,36.822831949763575,35719218.6124595,2.4242199183427555,,21.2,0.8297991745241566,1.8379526307513758
29,5.638037047257028,4.0,1978-07-14,1978-07-14 05:00:00,63.08838480956296,8.93672752009085,,406.0123315797452,497.0,36.822831949763575,35719218.6124595,2.4242199183427555,,21.2,0.8297991745241566,1.8379526307513758
30,5.51539243818072,5.0,1978-07-14,1978-07-14 06:00:00,61.716018819880624,8.93672752009085,,1049.604442981262,497.0,36.822831949763575,35719218.6124595,2.4242199183427555,,21.2,0.8297991745241566,1.8379526307513758
31,5.474687842380083,6.0,1978-07-14,1978-07-14 07:00:00,61.26669140131739,8.935830737976433,,1480.8491549532346,497.0,36.822831949763575,35719218.6124595,2.4242199183427555,,21.2,0.8297991745241566,1.8379526307513758
32,5.515713734838837,7.0,1978-07-14,1978-07-14 08:00:00,61.71961405826508,8.93672752009085,,1750.3592228806783,497.0,36.822831949763575,35719218.6124595,2.4242199183427555,,21.2,0.8297991745241566,1.8379526307513758
33,5.631788998097398,8.0,1978-07-14,1978-07-14 09:00:00,63.0184705244336,8.93672752009085,,1919.018579520108,497.0,36.822831949763575,35719218.6124595,2.4242199183427555,,21.2,0.8297991745241566,1.8379526307513758
34,5.809857693704689,9.0,1978-07-14,1978-07-14 10:00:00,65.01754413289574,8.935830737976433,,2021.8354832015857,497.0,36.822831949763575,35719218.6124595,2.4242199183427555,,21.2,0.8297991745241566,1.8379526307513758
35,6.0308902921055045,10.0,1978-07-14,1978-07-14 11:00:00,67.49109813007975,8.935830737976433,,2077.500287148697,497.0,36.822831949763575,35719218.6124595,2.4242199183427555,,21.2,0.8297991745241566,1.8379526307513758
36,6.270541583522648,11.0,1978-07-14,1978-07-14 12:00:00,70.1800552135999,8.934933955862014,,2095.1417403629844,497.0,36.822831949763575,35719218.6124595,2.4242199183427555,,21.2,0.8297991745241566,1.8379526307513758
37,6.462068965524511,12.0,1978-07-14,1978-07-14 13:00:00,72.34541788177525,8.93224360951876,,2077.500287148697,497.0,36.822831949763575,35719218.6124595,2.4242199183427555,,21.2,0.8297991745241566,1.8379526307513758
38,6.727853643592578,13.0,1978-07-14,1978-07-14 14:00:00,75.33610970861392,8.930450045289923,,2021.8354832015857,497.0,36.822831949763575,35719218.6124595,2.4242199183427555,,21.2,0.8297991745241566,1.8379526307513758
39,6.9986363893433605,14.0,1978-07-14,1978-07-14 15:00:00,78.39972960878472,8.926862916832254,,1919.018579520108,497.0,36.822831949763575,35719218.6124595,2.4242199183427555,,21.2,0.8297991745241566,1.8379526307513758
40,7.236936169355737,15.0,1978-07-14,1978-07-14 16:00:00,81.06919795654039,8.926862916832254,,1750.3592228806783,497.0,36.822831949763575,35719218.6124595,2.4242199183427555,,21.2,0.8297991745241566,1.8379526307513758
41,7.414550784612708,16.0,1978-07-14,1978-07-14 17:00:00,83.07555372048627,8.925069352603417,,1480.8491549532346,497.0,36.822831949763575,35719218.6124595,2.4242199183427555,,21.2,0.8297991745241566,1.8379526307513758
42,7.512530172456692,17.0,1978-07-14,1978-07-14 18:00:00,84.17335345708332,8.925069352603417,,1049.604442981262,497.0,36.822831949763575,35719218.6124595,2.4242199183427555,,21.2,0.8297991745241566,1.8379526307513758
43,7.520878399480181,18.0,1978-07-14,1978-07-14 19:00:00,,8.924172570488999,,406.0123315797452,497.0,36.822831949763575,35719218.6124595,2.4242199183427555,,21.2,0.8297991745241566,1.8379526307513758
44,7.437967872327119,19.0,1978-07-14,1978-07-14 20:00:00,83.35467880548363,8.923275788374582,,0.7012859145804807,497.0,36.822831949763575,35719218.6124595,2.4242199183427555,,21.2,0.8297991745241566,1.8379526307513758
45,7.269668905253965,20.0,1978-07-14,1978-07-14 21:00:00,81.48499007910151,8.921482224145747,,0.0,497.0,36.822831949763575,35719218.6124595,2.4242199183427555,,21.2,0.8297991745241566,1.8379526307513758
46,7.028217181266076,21.0,1978-07-14,1978-07-14 22:00:00,78.75483273942297,8.924172570489,,0.0,497.0,36.822831949763575,35719218.6124595,2.4242199183427555,,21.2,0.8297991745241566,1.8379526307513758
47,6.730859505764476,22.0,1978-07-14,1978-07-14 23:00:00,75.42278516691277,8.924172570489,,0.0,497.0,36.822831949763575,35719218.6124595,2.4242199183427555,,21.2,0.8297991745241566,1.8379526307513758
48,6.398333360637359,23.0,1978-07-15,1978-07-15 00:00:00,71.75434081778025,8.916998313573657,0.0,0.0,504.0,36.65156048804846,35839588.978272736,2.444054152467736,,20.5,0.833676797077147,1.851658116370249
49,6.053247092955472,0.0,1978-07-15,1978-07-15 01:00:00,66.9540920069138,9.040891917898614,0.0,0.0,504.0,36.65156048804846,35839588.978272736,2.444054152467736,,20.5,0.833676797077147,1.851658116370249
50,5.718434344018271,1.0,1978-07-15,1978-07-15 02:00:00,63.23807040391564,9.042708462629168,0.0,0.0,504.0,36.65156048804846,35839588.978272736,2.444054152467736,,20.5,0.833676797077147,1.851658116370249
51,5.415358079975098,2.0,1978-07-15,1978-07-15 03:00:00,59.88646103493402,9.042708462629168,0.0,0.0,504.0,36.65156048804846,35839588.978272736,2.444054152467736,,20.5,0.833676797077147,1.851658116370249
52,5.162636204980389,3.0,1978-07-15,1978-07-15 04:00:00,57.0917024065968,9.042708462629168,0.0,0.4848456397813812,504.0,36.65156048804846,35839588.978272736,2.444054152467736,,20.5,0.833676797077147,1.851658116370249
53,4.974752452193036,4.0,1978-07-15,1978-07-15 05:00:00,55.025018519957314,9.040891917898614,0.0,395.6810266881554,504.0,36.65156048804846,35839588.978272736,2.444054152467736,,20.5,0.833676797077147,1.851658116370249
54,4.861003621551244,5.0,1978-07-15,1978-07-15 06:00:00,53.77766442772271,9.03907537316806,0.0,1042.542600744937,504.0,36.65156048804846,35839588.978272736,2.444054152467736,,20.5,0.833676797077147,1.851658116370249
55,4.824718126611996,6.0,1978-07-15,1978-07-15 07:00:00,53.37087229129992,9.039983645533336,0.0,1476.6993319120638,504.0,36.65156048804846,35839588.978272736,2.444054152467736,,20.5,0.833676797077147,1.851658116370249
56,4.862762323479835,7.0,1978-07-15,1978-07-15 08:00:00,53.79712108513495,9.03907537316806,0.0,1747.767155962892,504.0,36.65156048804846,35839588.978272736,2.444054152467736,,20.5,0.833676797077147,1.851658116370249
57,4.965331482975891,8.0,1978-07-15,1978-07-15 09:00:00,54.93185174354417,9.03907537316806,0.0,1917.252963837844,504.0,36.65156048804846,35839588.978272736,2.444054152467736,,20.5,0.833676797077147,1.851658116370249
58,5.116002869231684,9.0,1978-07-15,1978-07-15 10:00:00,56.61011780622215,9.037258828437508,0.0,2020.5118278003629,504.0,36.65156048804846,35839588.978272736,2.444054152467736,,20.5,0.833676797077147,1.851658116370249
59,5.292010525772431,10.0,1978-07-15,1978-07-15 11:00:00,58.54592762310003,9.03907537316806,1506.423025070286,2076.3956069983187,504.0,36.65156048804846,35839588.978272736,2.444054152467736,,20.5,0.833676797077147,1.851658116370249
60,5.464686261155739,11.0,1978-07-15,1978-07-15 12:00:00,60.456252830652616,9.03907537316806,2008.564033427048,2094.103438161569,504.0,36.65156048804846,35839588.978272736,2.444054152467736,,20.5,0.833676797077147,1.851658116370249
61,5.591570881232342,12.0,1978-07-15,1978-07-15 13:00:00,61.87242157585848,9.037258828437508,2342.618511472313,2076.3956069983187,504.0,36.65156048804846,35839588.978272736,2.444054152467736,,20.5,0.833676797077147,1.851658116370249
62,5.772568546320746,13.0,1978-07-15,1978-07-15 14:00:00,63.87521543763057,9.037258828437508,1217.4878809005038,2020.5118278003629,504.0,36.65156048804846,35839588.978272736,2.444054152467736,,20.5,0.833676797077147,1.851658116370249
63,5.945970607497572,14.0,1978-07-15,1978-07-15 15:00:00,65.80718929741346,9.035442283706953,322.5250096652515,1917.252963837844,504.0,36.65156048804846,35839588.978272736,2.444054152467736,,20.5,0.833676797077147,1.851658116370249
64,6.094838295358569,15.0,1978-07-15,1978-07-15 16:00:00,67.46835070952557,9.0336257389764,459.7231110891965,1747.767155962892,504.0,36.65156048804846,35839588.978272736,2.444054152467736,,20.5,0.833676797077147,1.851658116370249
65,6.206215283564647,16.0,1978-07-15,1978-07-15 17:00:00,68.70126638950035,9.0336257389764,561.4145768658415,1476.6993319120638,504.0,36.65156048804846,35839588.978272736,2.444054152467736,,20.5,0.833676797077147,1.851658116370249
66,6.271381007720259,17.0,1978-07-15,1978-07-15 18:00:00,69.42263481939278,9.0336257389764,0.0,1042.542600744937,504.0,36.65156048804846,35839588.978272736,2.444054152467736,,20.5,0.833676797077147,1.851658116370249
67,6.285915843415388,18.0,1978-07-15,1978-07-15 19:00:00,69.58353185138313,9.0336257389764,0.0,395.6810266881554,504.0,36.65156048804846,35839588.978272736,2.444054152467736,,20.5,0.833676797077147,1.851658116370249
68,6.249565527940422,19.0,1978-07-15,1978-07-15 20:00:00,69.18114286023719,9.0336257389764,0.0,0.4848456397813812,504.0,36.65156048804846,35839588.978272736,2.444054152467736,,20.5,0.833676797077147,1.851658116370249
69,6.165905891395179,20.0,1978-07-15,1978-07-15 21:00:00,68.26191469164253,9.032717466611125,0.0,0.0,504.0,36.65156048804846,35839588.978272736,2.444054152467736,,20.5,0.833676797077147,1.851658116370249
70,6.041822571498127,21.0,1978-07-15,1978-07-15 22:00:00,,9.033171602793765,0.0,0.0,504.0,36.65156048804846,35839588.978272736,2.444054152467736,,20.5,0.833676797077147,1.851658116370249
71,5.886832994956861,22.0,1978-07-15,1978-07-15 23:00:00,65.16578354090522,9.0336257389764,0.0,0.0,504.0,36.65156048804846,35839588.978272736,2.444054152467736,,20.5,0.833676797077147,1.851658116370249
72,5.712288657534187,23.0,1978-07-16,1978-07-16 00:00:00,63.23997931574087,9.032717466611125,0.0,0.0,514.0,36.41231371891115,36009363.1713354,2.4721904344377554,,19.9,0.8391544627301775,1.8710835167716608
73,5.53050389239012,0.0,1978-07-16,1978-07-16 01:00:00,60.53671552669745,9.135784530548406,0.0,0.0,514.0,36.41231371891115,36009363.1713354,2.4721904344377554,,19.9,0.8391544627301775,1.8710835167716608
74,5.353862325982721,1.0,1978-07-16,1978-07-16 02:00:00,58.62677662468991,9.132111015170516,0.0,0.0,514.0,36.41231371891115,36009363.1713354,2.4721904344377554,,19.9,0.8391544627301775,1.8710835167716608
75,5.193953741366631,2.0,1978-07-16,1978-07-16 03:00:00,56.90433153348562,9.127519120948156,0.0,0.0,514.0,36.41231371891115,36009363.1713354,2.4721904344377554,,19.9,0.8391544627301775,1.8710835167716608
76,5.060791996514276,3.0,1978-07-16,1978-07-16 04:00:00,55.46775137694762,9.123845605570263,0.0,0.3211668090108211,514.0,36.41231371891115,36009363.1713354,2.4721904344377554,,19.9,0.8391544627301775,1.8710835167716608
77,4.96215912151885,4.0,1978-07-16,1978-07-16 05:00:00,54.40861282491636,9.120172090192373,0.0,384.9340741727773,514.0,36.41231371891115,36009363.1713354,2.4721904344377554,,19.9,0.8391544627301775,1.8710835167716608
78,4.90311211965597,5.0,1978-07-16,1978-07-16 06:00:00,53.761179845813054,9.120172090192373,0.0,1035.1415963355844,514.0,36.41231371891115,36009363.1713354,2.4721904344377554,,19.9,0.8391544627301775,1.8710835167716608
79,4.88567790928172,6.0,1978-07-16,1978-07-16 07:00:00,53.57001886549562,9.120172090192373,0.0,1472.3547563197767,514.0,36.41231371891115,36009363.1713354,2.4721904344377554,,19.9,0.8391544627301775,1.8710835167716608
80,4.908749022057811,7.0,1978-07-16,1978-07-16 08:00:00,53.822986819915045,9.120172090192373,0.0,1745.0583250943243,514.0,36.41231371891115,36009363.1713354,2.4721904344377554,,19.9,0.8391544627301775,1.8710835167716608
81,4.968178991782564,8.0,1978-07-16,1978-07-16 09:00:00,54.49108028111797,9.117416953658958,0.0,1915.411415432056,514.0,36.41231371891115,36009363.1713354,2.4721904344377554,,19.9,0.8391544627301775,1.8710835167716608
82,5.057062759521748,9.0,1978-07-16,1978-07-16 10:00:00,,9.116498574814486,0.0,2019.1338553311373,514.0,36.41231371891115,36009363.1713354,2.4721904344377554,,19.9,0.8391544627301775,1.8710835167716608
83,5.166174812178108,10.0,1978-07-16,1978-07-16 11:00:00,56.67411948678888,9.115580195970011,0.0,2075.2472588154856,514.0,36.41231371891115,36009363.1713354,2.4721904344377554,,19.9,0.8391544627301775,1.8710835167716608
84,5.284527022365337,11.0,1978-07-16,1978-07-16 12:00:00,57.96663026926293,9.116498574814484,1257.1255419183967,2093.0246880656164,514.0,36.41231371891115,36009363.1713354,2.4721904344377554,,19.9,0.8391544627301775,1.8710835167716608
85,5.38735632184514,12.0,1978-07-16,1978-07-16 13:00:00,59.094577568721554,9.116498574814484,1172.963576657478,2075.2472588154856,514.0,36.41231371891115,36009363.1713354,2.4721904344377554,,19.9,0.8391544627301775,1.8710835167716608
86,5.518524522948137,13.0,1978-07-16,1978-07-16 14:00:00,60.5638832397428,9.111906680592122,4064.024743606704,2019.1338553311373,514.0,36.41231371891115,36009363.1713354,2.4721904344377554,,19.9,0.8391544627301775,1.8710835167716608
87,5.648308699421724,14.0,1978-07-16,1978-07-16 15:00:00,61.98821934219675,9.111906680592122,0.0,1915.411415432056,514.0,36.41231371891115,36009363.1713354,2.4721904344377554,,19.9,0.8391544627301775,1.8710835167716608
88,5.761186725359939,15.0,1978-07-16,1978-07-16 16:00:00,63.22701633491221,9.111906680592122,0.0,1745.0583250943243,514.0,36.41231371891115,36009363.1713354,2.4721904344377554,,19.9,0.8391544627301775,1.8710835167716608
89,5.845421319345242,16.0,1978-07-16,1978-07-16 17:00:00,64.1514616451865,9.111906680592122,702.7593767863733,1472.3547563197767,514.0,36.41231371891115,36009363.1713354,2.4721904344377554,,19.9,0.8391544627301775,1.8710835167716608
90,5.89313665044864,17.0,1978-07-16,1978-07-16 18:00:00,64.67512077357759,9.111906680592122,0.0,1035.1415963355844,514.0,36.41231371891115,36009363.1713354,2.4721904344377554,,19.9,0.8391544627301775,1.8710835167716608
91,5.900259289697518,18.0,1978-07-16,1978-07-16 19:00:00,64.72719413193266,9.115580195970011,0.0,384.9340741727773,514.0,36.41231371891115,36009363.1713354,2.4721904344377554,,19.9,0.8391544627301775,1.8710835167716608
92,5.866315270498808,19.0,1978-07-16,1978-07-16 20:00:00,64.32889637886518,9.119253711347902,0.0,0.3211668090108211,514.0,36.41231371891115,36009363.1713354,2.4721904344377554,,19.9,0.8391544627301775,1.8710835167716608
93,5.7940848274420045,20.0,1978-07-16,1978-07-16 21:00:00,63.52403637603474,9.121090469036847,0.0,0.0,514.0,36.41231371891115,36009363.1713354,2.4721904344377554,,19.9,0.8391544627301775,1.8710835167716608
94,5.689126081889857,21.0,1978-07-16,1978-07-16 22:00:00,62.34819981762803,9.124763984414736,0.0,0.0,514.0,36.41231371891115,36009363.1713354,2.4721904344377554,,19.9,0.8391544627301775,1.8710835167716608
95,5.559187873824236,22.0,1978-07-16,1978-07-16 23:00:00,60.89966518312171,9.128437499792629,0.0,0.0,514.0,36.41231371891115,36009363.1713354,2.4721904344377554,,19.9,0.8391544627301775,1.8710835167716608
96,5.413539493914374,23.0,1978-07-17,1978-07-17 00:00:00,59.298153844371214,9.1293558786371,0.0,0.0,537.0,35.8848570290747,36390529.23237605,2.5360502847158144,,19.0,0.8514888475325058,1.9151006202565521
97,5.262250732887045,0.0,1978-07-17,1978-07-17 01:00:00,56.610598843390825,9.295522111406534,0.0,0.0,537.0,35.8848570290747,36390529.23237605,2.5360502847158144,,19.0,0.8514888475325058,1.9151006202565521
98,5.115459051072138,1.0,1978-07-17,1978-07-17 02:00:00,55.02590438806495,9.29645611091796,0.0,0.0,537.0,35.8848570290747,36390529.23237605,2.5360502847158144,,19.0,0.8514888475325058,1.9151006202565521
99,4.982661548735735,2.0,1978-07-17,1978-07-17 03:00:00,53.597429916159015,9.29645611091796,0.0,0.0,537.0,35.8848570290747,36390529.23237605,2.5360502847158144,,19.0,0.8514888475325058,1.9151006202565521
100,4.872067727680179,3.0,1978-07-17,1978-07-17 04:00:00,52.39726718572285,9.298324109940822,0.0,0.2027159997618923,537.0,35.8848570290747,36390529.23237605,2.5360502847158144,,19.0,0.8514888475325058,1.9151006202565521
101,4.790044891766274,4.0,1978-07-17,1978-07-17 05:00:00,51.50479512299051,9.30019210896368,0.0,373.7811478217593,537.0,35.8848570290747,36390529.23237605,2.5360502847158144,,19.0,0.8514888475325058,1.9151006202565521
102,4.740681720823197,5.0,1978-07-17,1978-07-17 06:00:00,50.953550654069005,9.303928107009398,0.0,1027.397320952498,537.0,35.8848570290747,36390529.23237605,2.5360502847158144,,19.0,0.8514888475325058,1.9151006202565521
103,4.725487499090708,6.0,1978-07-17,1978-07-17 07:00:00,50.79534012906759,9.302994107497966,0.0,1467.8128952820389,537.0,35.8848570290747,36390529.23237605,2.5360502847158144,,19.0,0.8514888475325058,1.9151006202565521
104,4.743235234706035,7.0,1978-07-17,1978-07-17 08:00:00,50.98611457662984,9.302994107497966,499.7141835022746,1742.2312095433012,537.0,35.8848570290747,36390529.23237605,2.5360502847158144,,19.0,0.8514888475325058,1.9151006202565521
105,4.789947100810879,8.0,1978-07-17,1978-07-17 09:00:00,51.48823105187511,9.302994107497966,0.0,1913.49286202526,537.0,35.8848570290747,36390529.23237605,2.5360502847158144,,19.0,0.8514888475325058,1.9151006202565521
106,4.859010929870803,9.0,1978-07-17,1978-07-17 10:00:00,52.23061386177349,9.302994107497966,0.0,2017.7006945244343,537.0,35.8848570290747,36390529.23237605,2.5360502847158144,,19.0,0.8514888475325058,1.9151006202565521
107,4.941407561739371,10.0,1978-07-17,1978-07-17 11:00:00,53.10032054684955,9.305796106032256,2334.023500265407,2074.0544592786405,537.0,35.8848570290747,36390529.23237605,2.5360502847158144,,19.0,0.8514888475325058,1.9151006202565521
108,5.026021291499989,11.0,1978-07-17,1978-07-17 12:00:00,54.02042270418536,9.303928107009398,2334.023500265407,2091.904731790911,537.0,35.8848570290747,36390529.23237605,2.5360502847158144,,19.0,0.8514888475325058,1.9151006202565521
109,5.1379310344885365,12.0,1978-07-17,1978-07-17 13:00:00,55.223245229267405,9.303928107009398,1451.8436234544506,2074.0544592786405,537.0,35.8848570290747,36390529.23237605,2.5360502847158144,,19.0,0.8514888475325058,1.9151006202565521
110,5.2131177853329325,13.0,1978-07-17,1978-07-17 14:00:00,56.02011612906128,9.305796106032256,0.0,2017.7006945244343,537.0,35.8848570290747,36390529.23237605,2.5360502847158144,,19.0,0.8514888475325058,1.9151006202565521
111,5.259921082518511,14.0,1978-07-17,1978-07-17 15:00:00,56.54008829565048,9.302994107497966,999.4283670045492,1913.49286202526,537.0,35.8848570290747,36390529.23237605,2.5360502847158144,,19.0,0.8514888475325058,1.9151006202565521
112,5.293843992314208,15.0,1978-07-17,1978-07-17 16:00:00,56.89902083750981,9.303928107009398,0.0,1742.2312095433012,537.0,35.8848570290747,36390529.23237605,2.5360502847158144,,19.0,0.8514888475325058,1.9151006202565521
113,5.324479844412306,16.0,1978-07-17,1978-07-17 17:00:00,57.23979185901871,9.302060107986538,434.9225927874064,1467.8128952820389,537.0,35.8848570290747,36390529.23237605,2.5360502847158144,,19.0,0.8514888475325058,1.9151006202565521
114,5.35673336710046,17.0,1978-07-17,1978-07-17 18:00:00,57.59809372042489,9.30019210896368,0.0,1027.397320952498,537.0,35.8848570290747,36390529.23237605,2.5360502847158144,,19.0,0.8514888475325058,1.9151006202565521
115,5.392009894823737,18.0,1978-07-17,1978-07-17 19:00:00,57.97740338747226,9.30019210896368,211.9529891970652,373.7811478217593,537.0,35.8848570290747,36390529.23237605,2.5360502847158144,,19.0,0.8514888475325058,1.9151006202565521
116,5.429328387323389,19.0,1978-07-17,1978-07-17 20:00:00,58.378669211472655,9.30019210896368,0.0,0.2027159997618923,537.0,35.8848570290747,36390529.23237605,2.5360502847158144,,19.0,0.8514888475325058,1.9151006202565521
117,5.46631919165406,20.0,1978-07-17,1978-07-17 21:00:00,58.77641157955792,9.30019210896368,0.0,0.0,537.0,35.8848570290747,36390529.23237605,2.5360502847158144,,19.0,0.8514888475325058,1.9151006202565521
118,5.500075332963673,21.0,1978-07-17,1978-07-17 22:00:00,59.16313988191979,9.29645611091796,0.0,0.0,537.0,35.8848570290747,36390529.23237605,2.5360502847158144,,19.0,0.8514888475325058,1.9151006202565521
119,5.527836101692867,22.0,1978-07-17,1978-07-17 23:00:00,59.46773118757537,9.295522111406534,0.0,0.0,537.0,35.8848570290747,36390529.23237605,2.5360502847158144,,19.0,0.8514888475325058,1.9151006202565521
120,5.547493133572792,23.0,1978-07-18,1978-07-18 00:00:00,59.68519601716591,9.294588111895104,0.0,0.0,537.0,35.8848570290747,36390529.23237605,2.5360502847158144,,17.9,0.8514888475325058,1.9151006202565521
121,5.557921275622494,0.0,1978-07-18,1978-07-18 01:00:00,58.49485028757565,9.501556544376694,0.0,0.0,537.0,35.8848570290747,36390529.23237605,2.5360502847158144,,17.9,0.8514888475325058,1.9151006202565521
122,5.559148471891702,1.0,1978-07-18,1978-07-18 02:00:00,58.53127013123596,9.497741052649722,0.0,0.0,537.0,35.8848570290747,36390529.23237605,2.5360502847158144,,17.9,0.8514888475325058,1.9151006202565521
123,5.552389873233151,2.0,1978-07-18,1978-07-18 03:00:00,58.50711775468033,9.490110069195785,0.0,0.0,537.0,35.8848570290747,36390529.23237605,2.5360502847158144,,17.9,0.8514888475325058,1.9151006202565521
124,5.539980628296556,3.0,1978-07-18,1978-07-18 04:00:00,58.39983760840332,9.486294577468811,0.0,0.1211708054036617,537.0,35.8848570290747,36390529.23237605,2.5360502847158144,,17.9,0.8514888475325058,1.9151006202565521
125,5.5252487176437,4.0,1978-07-18,1978-07-18 05:00:00,,9.48311500102967,0.0,362.2334421867633,537.0,35.8848570290747,36390529.23237605,2.5360502847158144,,17.9,0.8514888475325058,1.9151006202565521
126,5.512373278846284,5.0,1978-07-18,1978-07-18 06:00:00,,9.47993542459053,0.0,1019.305507905178,537.0,35.8848570290747,36390529.23237605,2.5360502847158144,,17.9,0.8514888475325058,1.9151006202565521
127,5.506274859193736,6.0,1978-07-18,1978-07-18 07:00:00,58.10295155243273,9.476755848151388,391.1411672920822,1463.0710912773134,537.0,35.8848570290747,36390529.23237605,2.5360502847158144,,17.9,0.8514888475325058,1.9151006202565521
128,5.512581856824337,7.0,1978-07-18,1978-07-18 08:00:00,58.187074115128326,9.473894229356164,1372.052064801242,1739.2842147915644,537.0,35.8848570290747,36390529.23237605,2.5360502847158144,,17.9,0.8514888475325058,1.9151006202565521
129,5.537712218977834,8.0,1978-07-18,1978-07-18 09:00:00,58.4876659261211,9.468170991765708,1726.4364114416956,1911.4961810535144,537.0,35.8848570290747,36390529.23237605,2.5360502847158144,,17.9,0.8514888475325058,1.9151006202565521
130,5.589101611485461,9.0,1978-07-18,1978-07-18 10:00:00,59.0601755237358,9.463401627106997,1993.1443884263176,2016.2114344609024,537.0,35.8848570290747,36390529.23237605,2.5360502847158144,,17.9,0.8514888475325058,1.9151006202565521
131,5.675599291840346,10.0,1978-07-18,1978-07-18 11:00:00,60.01654464911951,9.456724516584798,2136.1556055834176,2072.816390101269,537.0,35.8848570290747,36390529.23237605,2.5360502847158144,,17.9,0.8514888475325058,1.9151006202565521
132,5.808041489469592,11.0,1978-07-18,1978-07-18 12:00:00,61.42944522685333,9.454816770721314,1708.9244844667342,2090.742777427706,537.0,35.8848570290747,36390529.23237605,2.5360502847158144,,17.9,0.8514888475325058,1.9151006202565521
133,6.000000000006748,12.0,1978-07-18,1978-07-18 13:00:00,63.5238049500017,9.44527804140389,1594.5155107410544,2072.816390101269,537.0,35.8848570290747,36390529.23237605,2.5360502847158144,,17.9,0.8514888475325058,1.9151006202565521
134,6.149664243116843,13.0,1978-07-18,1978-07-18 14:00:00,,9.437647057949947,1035.8618468650172,2016.2114344609024,537.0,35.8848570290747,36390529.23237605,2.5360502847158144,,17.9,0.8514888475325058,1.9151006202565521
135,6.289575355123773,14.0,1978-07-18,1978-07-18 15:00:00,66.69739802601472,9.43001607449601,548.8208259204969,1911.4961810535144,537.0,35.8848570290747,36390529.23237605,2.5360502847158144,,17.9,0.8514888475325058,1.9151006202565521
136,6.4112036344437975,15.0,1978-07-18,1978-07-18 16:00:00,68.00783486226662,9.427154455700782,586.7117509381234,1739.2842147915644,537.0,35.8848570290747,36390529.23237605,2.5360502847158144,,17.9,0.8514888475325058,1.9151006202565521
137,6.506432343492161,16.0,1978-07-18,1978-07-18 17:00:00,69.04593338270838,9.423338963973814,298.5388754029404,1463.0710912773134,537.0,35.8848570290747,36390529.23237605,2.5360502847158144,,17.9,0.8514888475325058,1.9151006202565521
138,6.568332030629668,17.0,1978-07-18,1978-07-18 18:00:00,69.71692387886571,9.421431218110328,56.23047176739279,1019.305507905178,537.0,35.8848570290747,36390529.23237605,2.5360502847158144,,17.9,0.8514888475325058,1.9151006202565521
139,6.591830658461131,18.0,1978-07-18,1978-07-18 19:00:00,69.96634063187763,9.421431218110328,0.0,362.2334421867633,537.0,35.8848570290747,36390529.23237605,2.5360502847158144,,17.9,0.8514888475325058,1.9151006202565521
140,6.574233870349589,19.0,1978-07-18,1978-07-18 20:00:00,69.77956658763566,9.421431218110328,0.0,0.1211708054036617,537.0,35.8848570290747,36390529.23237605,2.5360502847158144,,17.9,0.8514888475325058,1.9151006202565521
141,6.515559939843123,20.0,1978-07-18,1978-07-18 21:00:00,69.14279497694645,9.423338963973814,0.0,0.0,537.0,35.8848570290747,36390529.23237605,2.5360502847158144,,17.9,0.8514888475325058,1.9151006202565521
142,6.41866657676438,21.0,1978-07-18,1978-07-18 22:00:00,,9.423338963973814,0.0,0.0,537.0,35.8848570290747,36390529.23237605,2.5360502847158144,,17.9,0.8514888475325058,1.9151006202565521
143,6.289160948337351,22.0,1978-07-18,1978-07-18 23:00:00,66.7402602451352,9.423338963973814,0.0,0.0,537.0,35.8848570290747,36390529.23237605,2.5360502847158144,,17.9,0.8514888475325058,1.9151006202565521
144,6.135099047262914,23.0,1978-07-19,1978-07-19 00:00:00,65.11195401146995,9.42238509104207,0.0,0.0,522.0,36.22534090545714,36143385.48085107,2.494535307391199,,18.8,0.8434856592599392,1.8864965995387384
145,5.966494894311987,0.0,1978-07-19,1978-07-19 01:00:00,64.50951278426595,9.249015589786366,0.0,0.0,522.0,36.22534090545714,36143385.48085107,2.494535307391199,,18.8,0.8434856592599392,1.8864965995387384
146,5.794673022468483,1.0,1978-07-19,1978-07-19 02:00:00,62.66448559059472,9.247140494101815,0.0,0.0,522.0,36.22534090545714,36143385.48085107,2.494535307391199,,18.8,0.8434856592599392,1.8864965995387384
147,5.631508369757623,2.0,1978-07-19,1978-07-19 03:00:00,60.906173079791536,9.246202946259546,0.0,0.0,522.0,36.22534090545714,36143385.48085107,2.494535307391199,,18.8,0.8434856592599392,1.8864965995387384
148,5.488605380807291,3.0,1978-07-19,1978-07-19 04:00:00,59.36666114254443,9.24526539841727,0.0,0.0681269910700312,522.0,36.22534090545714,36143385.48085107,2.494535307391199,,18.8,0.8434856592599392,1.8864965995387384
149,5.376472260014354,4.0,1978-07-19,1978-07-19 05:00:00,58.147893694993456,9.246202946259546,0.0,350.3038612609841,522.0,36.22534090545714,36143385.48085107,2.494535307391199,,18.8,0.8434856592599392,1.8864965995387384
150,5.30374664959807,5.0,1978-07-19,1978-07-19 06:00:00,57.36134800873741,9.246202946259546,0.0,1010.8617388530148,522.0,36.22534090545714,36143385.48085107,2.494535307391199,,18.8,0.8434856592599392,1.8864965995387384
151,5.276525501301675,6.0,1978-07-19,1978-07-19 07:00:00,57.03802672307846,9.250890685470912,0.0,1458.1265608483045,522.0,36.22534090545714,36143385.48085107,2.494535307391199,,18.8,0.8434856592599392,1.8864965995387384
152,5.297844809878148,7.0,1978-07-19,1978-07-19 08:00:00,57.27428810775932,9.249953137628635,0.0,1736.2156719157829,522.0,36.22534090545714,36143385.48085107,2.494535307391199,,18.8,0.8434856592599392,1.8864965995387384
153,5.367344663663389,8.0,1978-07-19,1978-07-19 09:00:00,58.025641684919805,9.249953137628635,1552.436028145565,1909.4201995128208,522.0,36.22534090545714,36143385.48085107,2.494535307391199,,18.8,0.8434856592599392,1.8864965995387384
154,5.481142438486711,9.0,1978-07-19,1978-07-19 10:00:00,59.25589413193377,9.249953137628635,1792.2636115542043,2014.6651246320828,522.0,36.22534090545714,36143385.48085107,2.494535307391199,,18.8,0.8434856592599392,1.8864965995387384
155,5.631922776544048,10.0,1978-07-19,1978-07-19 11:00:00,60.91065499294911,9.246202946259546,640.2871066000259,2071.532198186822,522.0,36.22534090545714,36143385.48085107,2.494535307391199,,18.8,0.8434856592599392,1.8864965995387384
156,5.809238218322411,11.0,1978-07-19,1978-07-19 12:00:00,62.83473721930054,9.24526539841727,0.0,2089.537999622567,522.0,36.22534090545714,36143385.48085107,2.494535307391199,,18.8,0.8434856592599392,1.8864965995387384
157,5.995785440619772,12.0,1978-07-19,1978-07-19 13:00:00,64.85249673466606,9.24526539841727,0.0,2071.532198186822,522.0,36.22534090545714,36143385.48085107,2.494535307391199,,18.8,0.8434856592599392,1.8864965995387384
158,6.190423668181628,13.0,1978-07-19,1978-07-19 14:00:00,66.98494272303324,9.241515207048176,517.4786760485216,2014.6651246320828,522.0,36.22534090545714,36143385.48085107,2.494535307391199,,18.8,0.8434856592599392,1.8864965995387384
159,6.373274686649863,14.0,1978-07-19,1978-07-19 15:00:00,68.93555146335687,9.24526539841727,1233.7686136440109,1909.4201995128208,522.0,36.22534090545714,36143385.48085107,2.494535307391199,,18.8,0.8434856592599392,1.8864965995387384
160,6.527306629572739,15.0,1978-07-19,1978-07-19 16:00:00,70.59445555662708,9.246202946259546,1465.4986136251305,1736.2156719157829,522.0,36.22534090545714,36143385.48085107,2.494535307391199,,18.8,0.8434856592599392,1.8864965995387384
161,6.640272797575123,16.0,1978-07-19,1978-07-19 17:00:00,71.80893165633793,9.247140494101815,1073.8015090647,1458.1265608483045,522.0,36.22534090545714,36143385.48085107,2.494535307391199,,18.8,0.8434856592599392,1.8864965995387384
162,6.704789074619692,17.0,1978-07-19,1978-07-19 18:00:00,72.49192099993594,9.249015589786366,337.0882343645112,1010.8617388530148,522.0,36.22534090545714,36143385.48085107,2.494535307391199,,18.8,0.8434856592599392,1.8864965995387384
163,6.718176791065585,18.0,1978-07-19,1978-07-19 19:00:00,72.59987220482063,9.253703328997732,0.0,350.3038612609841,522.0,36.22534090545714,36143385.48085107,2.494535307391199,,18.8,0.8434856592599392,1.8864965995387384
164,6.682077655289927,19.0,1978-07-19,1978-07-19 20:00:00,72.18051530681788,9.257453520366823,0.0,0.0681269910700312,522.0,36.22534090545714,36143385.48085107,2.494535307391199,,18.8,0.8434856592599392,1.8864965995387384
165,6.60186290878846,20.0,1978-07-19,1978-07-19 21:00:00,71.31402706223756,9.257453520366823,0.0,0.0,522.0,36.22534090545714,36143385.48085107,2.494535307391199,,18.8,0.8434856592599392,1.8864965995387384
166,6.48587288300135,21.0,1978-07-19,1978-07-19 22:00:00,70.06109043628607,9.257453520366823,0.0,0.0,522.0,36.22534090545714,36143385.48085107,2.494535307391199,,18.8,0.8434856592599392,1.8864965995387384
167,6.344534693952353,22.0,1978-07-19,1978-07-19 23:00:00,68.54128176070108,9.256515972524552,0.0,0.0,522.0,36.22534090545714,36143385.48085107,2.494535307391199,,18.8,0.8434856592599392,1.8864965995387384
168,6.189414115496206,23.0,1978-07-20,1978-07-20 00:00:00,66.88580663809309,9.253703328997732,0.0,0.0,499.0,36.77357057730397,35753740.841148525,2.429898674253121,,18.7,0.8309107621551965,1.8418776672564947
169,6.0322621575881765,0.0,1978-07-20,1978-07-20 01:00:00,65.08772868696747,9.267894700396909,0.0,0.0,499.0,36.77357057730397,35753740.841148525,2.429898674253121,,18.7,0.8309107621551965,1.8418776672564947
170,5.884117236833646,1.0,1978-07-20,1978-07-20 02:00:00,63.52144489873746,9.263198036842196,0.0,0.0,499.0,36.77357057730397,35753740.841148525,2.429898674253121,,18.7,0.8309107621551965,1.8418776672564947
171,5.754520038053633,2.0,1978-07-20,1978-07-20 03:00:00,62.1728272760571,9.255683375154652,0.0,0.0,499.0,36.77357057730397,35753740.841148525,2.429898674253121,,18.7,0.8309107621551965,1.8418776672564947
172,5.650890485895688,3.0,1978-07-20,1978-07-20 04:00:00,61.07178971747359,9.252865377021823,0.0,0.0357707253455219,499.0,36.77357057730397,35753740.841148525,2.429898674253121,,18.7,0.8309107621551965,1.8418776672564947
173,5.578105197987787,4.0,1978-07-20,1978-07-20 05:00:00,60.315781110967336,9.248168713467113,0.0,338.0072243442898,499.0,36.77357057730397,35753740.841148525,2.429898674253121,,18.7,0.8309107621551965,1.8418776672564947
174,5.538300128647138,5.0,1978-07-20,1978-07-20 06:00:00,59.891453976177445,9.247229380756169,0.0,1002.0614510700756,499.0,36.77357057730397,35753740.841148525,2.429898674253121,,18.7,0.8309107621551965,1.8418776672564947
175,5.530907765791548,6.0,1978-07-20,1978-07-20 07:00:00,59.84190627205322,9.242532717201454,0.0,1452.9763932526655,499.0,36.77357057730397,35753740.841148525,2.429898674253121,,18.7,0.8309107621551965,1.8418776672564947
176,5.5529222592879055,7.0,1978-07-20,1978-07-20 08:00:00,60.09230762424791,9.240654051779568,0.0,1733.0238369270585,499.0,36.77357057730397,35753740.841148525,2.429898674253121,,18.7,0.8309107621551965,1.8418776672564947
177,5.599370325821573,8.0,1978-07-20,1978-07-20 09:00:00,60.60727847209934,9.238775386357684,0.0,1907.2636937825232,499.0,36.77357057730397,35753740.841148525,2.429898674253121,,18.7,0.8309107621551965,1.8418776672564947
178,5.663951752040592,9.0,1978-07-20,1978-07-20 10:00:00,61.32500956816565,9.235957388224852,0.0,2013.060774987178,499.0,36.77357057730397,35753740.841148525,2.429898674253121,,18.7,0.8309107621551965,1.8418776672564947
179,5.739801759886528,10.0,1978-07-20,1978-07-20 11:00:00,62.17787506041466,9.23126072467014,0.0,2070.200995773398,499.0,36.77357057730397,35753740.841148525,2.429898674253121,,18.7,0.8309107621551965,1.8418776672564947
180,5.820319193317099,11.0,1978-07-20,1978-07-20 12:00:00,63.08219565554574,9.226564061115424,0.0,2088.289539750997,499.0,36.77357057730397,35753740.841148525,2.429898674253121,,18.7,0.8309107621551965,1.8418776672564947
181,5.912643678167569,12.0,1978-07-20,1978-07-20 13:00:00,64.11547057954368,9.221867397560713,0.0,2070.200995773398,499.0,36.77357057730397,35753740.841148525,2.429898674253121,,18.7,0.8309107621551965,1.8418776672564947
182,5.997999405444309,13.0,1978-07-20,1978-07-20 14:00:00,65.06093139946222,9.219049399427885,3950.007864597251,2013.060774987178,499.0,36.77357057730397,35753740.841148525,2.429898674253121,,18.7,0.8309107621551965,1.8418776672564947
183,6.069388423143508,14.0,1978-07-20,1978-07-20 15:00:00,65.83529559479486,9.219049399427885,523.1987704734944,1907.2636937825232,499.0,36.77357057730397,35753740.841148525,2.429898674253121,,18.7,0.8309107621551965,1.8418776672564947
184,6.127283223795365,15.0,1978-07-20,1978-07-20 16:00:00,66.44297689008302,9.221867397560713,2237.282932536856,1733.0238369270585,499.0,36.77357057730397,35753740.841148525,2.429898674253121,,18.7,0.8309107621551965,1.8418776672564947
185,6.171553831366528,16.0,1978-07-20,1978-07-20 17:00:00,66.92303809311954,9.221867397560713,1366.0866950146085,1452.9763932526655,499.0,36.77357057730397,35753740.841148525,2.429898674253121,,18.7,0.8309107621551965,1.8418776672564947
186,6.201905022985368,17.0,1978-07-20,1978-07-20 18:00:00,67.25216006278558,9.221867397560713,107.21063160276736,1002.0614510700756,499.0,36.77357057730397,35753740.841148525,2.429898674253121,,18.7,0.8309107621551965,1.8418776672564947
187,6.218228357793123,18.0,1978-07-20,1978-07-20 19:00:00,67.39484294049744,9.226564061115424,55.47848500561,338.0072243442898,499.0,36.77357057730397,35753740.841148525,2.429898674253121,,18.7,0.8309107621551965,1.8418776672564947
188,6.220857283308635,19.0,1978-07-20,1978-07-20 20:00:00,67.38217591304361,9.232200057381084,0.0,0.0357707253455219,499.0,36.77357057730397,35753740.841148525,2.429898674253121,,18.7,0.8309107621551965,1.8418776672564947
189,6.2107201948018105,20.0,1978-07-20,1978-07-20 21:00:00,67.23133165315332,9.23783605364674,0.0,0.0,499.0,36.77357057730397,35753740.841148525,2.429898674253121,,18.7,0.8309107621551965,1.8418776672564947
190,6.189393277504669,21.0,1978-07-20,1978-07-20 22:00:00,66.95281096142944,9.24441138262334,0.0,0.0,499.0,36.77357057730397,35753740.841148525,2.429898674253121,,18.7,0.8309107621551965,1.8418776672564947
191,6.159061791122888,22.0,1978-07-20,1978-07-20 23:00:00,66.5976365910595,9.248168713467113,0.0,0.0,499.0,36.77357057730397,35753740.841148525,2.429898674253121,,18.7,0.8309107621551965,1.8418776672564947
192,6.122404695616641,23.0,1978-07-21,1978-07-21 00:00:00,66.16766208250218,9.252865377021823,0.0,0.0,485.0,37.1240545917373,35509839.58364669,2.389944972544104,,18.3,0.8230662273176462,1.81424520468202
193,6.082422741385341,0.0,1978-07-21,1978-07-21 01:00:00,65.1927707454647,9.329903717596602,0.0,0.0,485.0,37.1240545917373,35509839.58364669,2.389944972544104,,18.3,0.8230662273176462,1.81424520468202
194,6.042233999798394,1.0,1978-07-21,1978-07-21 02:00:00,64.76201880199984,9.329903717596602,0.0,0.0,485.0,37.1240545917373,35509839.58364669,2.389944972544104,,18.3,0.8230662273176462,1.81424520468202
195,6.004863028900582,2.0,1978-07-21,1978-07-21 03:00:00,64.3353603617852,9.33368989484581,0.0,0.0,485.0,37.1240545917373,35509839.58364669,2.389944972544104,,18.3,0.8230662273176462,1.81424520468202
196,5.973050302873139,3.0,1978-07-21,1978-07-21 04:00:00,63.97505930976956,9.336529527782712,0.0,0.0174139483516684,485.0,37.1240545917373,35509839.58364669,2.389944972544104,,18.3,0.8230662273176462,1.81424520468202
197,5.949107152890017,4.0,1978-07-21,1978-07-21 05:00:00,63.69923975070307,9.33936916071962,0.0,325.3604896944122,485.0,37.1240545917373,35509839.58364669,2.389944972544104,,18.3,0.8230662273176462,1.81424520468202
198,5.934838365482557,5.0,1978-07-21,1978-07-21 06:00:00,63.54001891269343,9.34031570503192,673.3671691250548,992.89994587882,485.0,37.1240545917373,35509839.58364669,2.389944972544104,,18.3,0.8230662273176462,1.81424520468202
199,5.931549973778317,6.0,1978-07-21,1978-07-21 07:00:00,63.47908069181153,9.344101882281128,122.532720679198,1447.61754907818,485.0,37.1240545917373,35509839.58364669,2.389944972544104,,18.3,0.8230662273176462,1.81424520468202
200,5.940153971226284,7.0,1978-07-21,1978-07-21 08:00:00,63.53254559758865,9.349781148154936,343.85799598141296,1729.706890067648,485.0,37.1240545917373,35509839.58364669,2.389944972544104,,18.3,0.8230662273176462,1.81424520468202
201,5.961375072313363,8.0,1978-07-21,1978-07-21 09:00:00,63.73370570736535,9.353567325404146,865.3446612664521,1905.025389424678,485.0,37.1240545917373,35509839.58364669,2.389944972544104,,18.3,0.8230662273176462,1.81424520468202
202,5.996057690443294,9.0,1978-07-21,1978-07-21 10:00:00,64.09801486162152,9.354513869716444,1748.2975204866166,2011.3973559647693,485.0,37.1240545917373,35509839.58364669,2.389944972544104,,18.3,0.8230662273176462,1.81424520468202
203,6.04556447351505,10.0,1978-07-21,1978-07-21 11:00:00,64.61416760122377,9.35640695834105,1873.7405931557964,2068.8218605671086,485.0,37.1240545917373,35509839.58364669,2.389944972544104,,18.3,0.8230662273176462,1.81424520468202
204,6.112251498231977,11.0,1978-07-21,1978-07-21 12:00:00,65.31369444831832,9.358300046965654,1606.0633655621116,2086.996506079782,485.0,37.1240545917373,35509839.58364669,2.389944972544104,,18.3,0.8230662273176462,1.81424520468202
205,6.221072796941864,12.0,1978-07-21,1978-07-21 13:00:00,66.456361187494,9.36113967990256,1498.5407318456714,2068.8218605671086,485.0,37.1240545917373,35509839.58364669,2.389944972544104,,18.3,0.8230662273176462,1.81424520468202
206,6.288794281765039,13.0,1978-07-21,1978-07-21 14:00:00,67.159420922066,9.363979312839463,1298.0169918996785,2011.3973559647693,485.0,37.1240545917373,35509839.58364669,2.389944972544104,,18.3,0.8230662273176462,1.81424520468202
207,6.339160460218154,14.0,1978-07-21,1978-07-21 15:00:00,,9.368712034400971,1031.573987944239,1905.025389424678,485.0,37.1240545917373,35509839.58364669,2.389944972544104,,18.3,0.8230662273176462,1.81424520468202
208,6.379533205241478,15.0,1978-07-21,1978-07-21 16:00:00,68.05964478729591,9.37344475596248,857.729044754386,1729.706890067648,485.0,37.1240545917373,35509839.58364669,2.389944972544104,,18.3,0.8230662273176462,1.81424520468202
209,6.413845222246576,16.0,1978-07-21,1978-07-21 17:00:00,68.37736642827909,9.380070566148593,673.3671691250548,1447.61754907818,485.0,37.1240545917373,35509839.58364669,2.389944972544104,,18.3,0.8230662273176462,1.81424520468202
210,6.44346376572989,17.0,1978-07-21,1978-07-21 18:00:00,68.66541062941225,9.383856743397798,246.6143319509933,992.89994587882,485.0,37.1240545917373,35509839.58364669,2.389944972544104,,18.3,0.8230662273176462,1.81424520468202
211,6.468024452922315,18.0,1978-07-21,1978-07-21 19:00:00,68.87850987438095,9.390482553583912,9.115426942254429,325.3604896944122,485.0,37.1240545917373,35509839.58364669,2.389944972544104,,18.3,0.8230662273176462,1.81424520468202
212,6.486198785739635,19.0,1978-07-21,1978-07-21 20:00:00,69.03030099277251,9.396161819457722,0.0,0.0174139483516684,485.0,37.1240545917373,35509839.58364669,2.389944972544104,,18.3,0.8230662273176462,1.81424520468202
213,6.496363509968314,20.0,1978-07-21,1978-07-21 21:00:00,69.08976109901133,9.402787629643834,0.0,0.0,485.0,37.1240545917373,35509839.58364669,2.389944972544104,,18.3,0.8230662273176462,1.81424520468202
214,6.497146630251418,21.0,1978-07-21,1978-07-21 22:00:00,69.05637977369908,9.40846689551764,0.0,0.0,485.0,37.1240545917373,35509839.58364669,2.389944972544104,,18.3,0.8230662273176462,1.81424520468202
215,6.4878333051427735,22.0,1978-07-21,1978-07-21 23:00:00,68.92272095634047,9.413199617079153,0.0,0.0,485.0,37.1240545917373,35509839.58364669,2.389944972544104,,18.3,0.8230662273176462,1.81424520468202
216,6.468624395439286,23.0,1978-07-22,1978-07-22 00:00:00,68.68412474040917,9.41793233864066,0.0,0.0,471.0,37.48829422438916,35260531.29359725,2.349506890764357,,17.8,0.815069241952244,1.786236189729265
217,6.440750480436935,0.0,1978-07-22,1978-07-22 01:00:00,67.66663304138447,9.518355193611916,0.0,0.0,471.0,37.48829422438916,35260531.29359725,2.349506890764357,,17.8,0.815069241952244,1.786236189729265
218,6.406454006378077,1.0,1978-07-22,1978-07-22 02:00:00,67.27929205998177,9.522178088120349,0.0,0.0,471.0,37.48829422438916,35260531.29359725,2.349506890764357,,17.8,0.815069241952244,1.786236189729265
219,6.368861217930971,2.0,1978-07-22,1978-07-22 03:00:00,66.85765862868335,9.52600098262878,0.0,0.0,471.0,37.48829422438916,35260531.29359725,2.349506890764357,,17.8,0.815069241952244,1.786236189729265
220,6.331773034646654,3.0,1978-07-22,1978-07-22 04:00:00,66.42833460182047,9.531735324391429,0.0,0.0,471.0,37.48829422438916,35260531.29359725,2.349506890764357,,17.8,0.815069241952244,1.786236189729265
221,6.299409558104081,4.0,1978-07-22,1978-07-22 05:00:00,66.04906519869728,9.537469666154076,0.0,312.3829962574944,471.0,37.48829422438916,35260531.29359725,2.349506890764357,,17.8,0.815069241952244,1.786236189729265
222,6.276146055446491,5.0,1978-07-22,1978-07-22 06:00:00,65.77878223043085,9.541292560662509,0.0,983.3723984145922,471.0,37.48829422438916,35260531.29359725,2.349506890764357,,17.8,0.815069241952244,1.786236189729265
223,6.266278845881724,6.0,1978-07-22,1978-07-22 07:00:00,65.62278042241344,9.548938349679371,0.0,1442.0468588285623,471.0,37.48829422438916,35260531.29359725,2.349506890764357,,17.8,0.815069241952244,1.786236189729265
224,6.2738574788817365,7.0,1978-07-22,1978-07-22 08:00:00,65.66928348429678,9.55371696781491,0.0,1726.262935064252,471.0,37.48829422438916,35260531.29359725,2.349506890764357,,17.8,0.815069241952244,1.786236189729265
225,6.302615075146727,8.0,1978-07-22,1978-07-22 09:00:00,65.9570967117931,9.55562841506913,0.0,1902.7039609584288,471.0,37.48829422438916,35260531.29359725,2.349506890764357,,17.8,0.815069241952244,1.786236189729265
226,6.356022011769141,9.0,1978-07-22,1978-07-22 10:00:00,66.48275528116912,9.560407033204667,0.0,2009.673798508488,471.0,37.48829422438916,35260531.29359725,2.349506890764357,,17.8,0.815069241952244,1.786236189729265
227,6.437479727329434,10.0,1978-07-22,1978-07-22 11:00:00,67.3145994765994,9.56327420408599,0.0,2067.3938358631053,471.0,37.48829422438916,35260531.29359725,2.349506890764357,,17.8,0.815069241952244,1.786236189729265
228,6.550661873713691,11.0,1978-07-22,1978-07-22 12:00:00,68.4775774990684,9.566141374967316,0.0,2085.6579739179965,471.0,37.48829422438916,35260531.29359725,2.349506890764357,,17.8,0.815069241952244,1.786236189729265
229,6.695785440620558,12.0,1978-07-22,1978-07-22 13:00:00,69.97365932466866,9.56900854584864,2470.786298040939,2067.3938358631053,471.0,37.48829422438916,35260531.29359725,2.349506890764357,,17.8,0.815069241952244,1.786236189729265
230,6.820836962322611,13.0,1978-07-22,1978-07-22 14:00:00,71.273379609977,9.569964269475747,1284.09826842411,2009.673798508488,471.0,37.48829422438916,35260531.29359725,2.349506890764357,,17.8,0.815069241952244,1.786236189729265
231,6.940628452869659,14.0,1978-07-22,1978-07-22 15:00:00,72.52512399662152,9.569964269475747,3061.5370521426817,1902.7039609584288,471.0,37.48829422438916,35260531.29359725,2.349506890764357,,17.8,0.815069241952244,1.786236189729265
232,7.0464454863689285,15.0,1978-07-22,1978-07-22 16:00:00,73.63819827944364,9.56900854584864,1212.1879407693775,1726.262935064252,471.0,37.48829422438916,35260531.29359725,2.349506890764357,,17.8,0.815069241952244,1.786236189729265
233,7.130015244446269,16.0,1978-07-22,1978-07-22 17:00:00,74.53386862025788,9.566141374967316,296.0651589764761,1442.0468588285623,471.0,37.48829422438916,35260531.29359725,2.349506890764357,,17.8,0.815069241952244,1.786236189729265
234,7.18419783785917,17.0,1978-07-22,1978-07-22 18:00:00,75.10026829269722,9.566141374967316,0.0,983.3723984145922,471.0,37.48829422438916,35260531.29359725,2.349506890764357,,17.8,0.815069241952244,1.786236189729265
235,7.203604116385715,18.0,1978-07-22,1978-07-22 19:00:00,75.31065657232064,9.565185651340206,0.0,312.3829962574944,471.0,37.48829422438916,35260531.29359725,2.349506890764357,,17.8,0.815069241952244,1.786236189729265
236,7.185093777409099,19.0,1978-07-22,1978-07-22 20:00:00,75.09462908400675,9.568052822221532,0.0,0.0,471.0,37.48829422438916,35260531.29359725,2.349506890764357,,17.8,0.815069241952244,1.786236189729265
237,7.128115741063464,20.0,1978-07-22,1978-07-22 21:00:00,74.46937206471209,9.571875716729965,0.0,0.0,471.0,37.48829422438916,35260531.29359725,2.349506890764357,,17.8,0.815069241952244,1.786236189729265
238,7.03486350907987,21.0,1978-07-22,1978-07-22 22:00:00,73.48046691015301,9.57378716398418,0.0,0.0,471.0,37.48829422438916,35260531.29359725,2.349506890764357,,17.8,0.815069241952244,1.786236189729265
239,6.910230833026458,22.0,1978-07-22,1978-07-22 23:00:00,72.17865526635262,9.57378716398418,0.0,0.0,471.0,37.48829422438916,35260531.29359725,2.349506890764357,,17.8,0.815069241952244,1.786236189729265
240,6.761566626221473,23.0,1978-07-23,1978-07-23 00:00:00,70.63993334559743,9.571875716729965,0.0,0.0,461.0,37.75742256365436,35078985.986696355,2.3203146683289355,,17.8,0.8092595701955729,1.7659900836952038
241,6.598241734809929,0.0,1978-07-23,1978-07-23 01:00:00,68.9336335957367,9.571875716729965,0.0,0.0,461.0,37.75742256365436,35078985.986696355,2.3203146683289355,,17.8,0.8092595701955729,1.7659900836952038
242,6.431053004981551,1.0,1978-07-23,1978-07-23 02:00:00,67.20038679239343,9.569964269475747,0.0,0.0,461.0,37.75742256365436,35078985.986696355,2.3203146683289355,,17.8,0.8092595701955729,1.7659900836952038
243,6.271501171307019,2.0,1978-07-23,1978-07-23 03:00:00,65.54626409191256,9.568052822221532,0.0,0.0,461.0,37.75742256365436,35078985.986696355,2.3203146683289355,,17.8,0.8092595701955729,1.7659900836952038
244,6.130987690051461,3.0,1978-07-23,1978-07-23 04:00:00,64.09049845421512,9.566141374967316,0.0,0.0,461.0,37.75742256365436,35078985.986696355,2.3203146683289355,,17.8,0.8092595701955729,1.7659900836952038
245,6.019981165090287,4.0,1978-07-23,1978-07-23 05:00:00,62.93008778694591,9.566141374967316,0.0,299.09672332951925,461.0,37.75742256365436,35078985.986696355,2.3203146683289355,,17.8,0.8092595701955729,1.7659900836952038
246,5.947206086266197,5.0,1978-07-23,1978-07-23 06:00:00,62.1755426715938,9.565185651340206,0.0,973.4738689030488,461.0,37.75742256365436,35078985.986696355,2.3203146683289355,,17.8,0.8092595701955729,1.7659900836952038
247,5.918905079470233,6.0,1978-07-23,1978-07-23 07:00:00,61.87348532145705,9.566141374967316,666.262226441329,1436.2610214870292,461.0,37.75742256365436,35078985.986696355,2.3203146683289355,,17.8,0.8092595701955729,1.7659900836952038
248,5.938220858027272,7.0,1978-07-23,1978-07-23 08:00:00,62.08160588284296,9.565185651340206,1308.7909490512625,1722.689998337349,461.0,37.75742256365436,35078985.986696355,2.3203146683289355,,17.8,0.8092595701955729,1.7659900836952038
249,6.004735907520221,8.0,1978-07-23,1978-07-23 09:00:00,62.77699279865916,9.565185651340206,2117.3602108597606,1900.2980316084968,461.0,37.75742256365436,35078985.986696355,2.3203146683289355,,17.8,0.8092595701955729,1.7659900836952038
250,6.1141971869140335,9.0,1978-07-23,1978-07-23 10:00:00,63.92775197925421,9.564229927713098,1629.6399506650544,2007.8889940657093,461.0,37.75742256365436,35078985.986696355,2.3203146683289355,,17.8,0.8092595701955729,1.7659900836952038
251,6.258440520285603,10.0,1978-07-23,1978-07-23 11:00:00,65.42936800613708,9.565185651340206,2037.6640173328249,2065.9159306533256,461.0,37.75742256365436,35078985.986696355,2.3203146683289355,,17.8,0.8092595701955729,1.7659900836952038
252,6.425515744880713,11.0,1978-07-23,1978-07-23 12:00:00,67.182782026834,9.564229927713098,0.0,2084.2729857557338,461.0,37.75742256365436,35078985.986696355,2.3203146683289355,,17.8,0.8092595701955729,1.7659900836952038
253,6.574712643685556,12.0,1978-07-23,1978-07-23 13:00:00,68.7770922280695,9.55945130957756,271.6066584441757,2065.9159306533256,461.0,37.75742256365436,35078985.986696355,2.3203146683289355,,17.8,0.8092595701955729,1.7659900836952038
254,6.757580989333226,13.0,1978-07-23,1978-07-23 14:00:00,70.70418838609504,9.557539862323344,235.26224565108447,2007.8889940657093,461.0,37.75742256365436,35078985.986696355,2.3203146683289355,,17.8,0.8092595701955729,1.7659900836952038
255,6.944138128492868,14.0,1978-07-23,1978-07-23 15:00:00,72.66339130919039,9.556584138696236,1308.7909490512625,1900.2980316084968,461.0,37.75742256365436,35078985.986696355,2.3203146683289355,,17.8,0.8092595701955729,1.7659900836952038
256,7.110660425048234,15.0,1978-07-23,1978-07-23 16:00:00,74.42820892646307,9.55371696781491,932.7671170178604,1722.689998337349,461.0,37.75742256365436,35078985.986696355,2.3203146683289355,,17.8,0.8092595701955729,1.7659900836952038
257,7.238111398885861,16.0,1978-07-23,1978-07-23 17:00:00,75.7774159378088,9.551805520560697,162.72809302670808,1436.2610214870292,461.0,37.75742256365436,35078985.986696355,2.3203146683289355,,17.8,0.8092595701955729,1.7659900836952038
258,7.31250857584412,17.0,1978-07-23,1978-07-23 18:00:00,76.55629671378477,9.551805520560697,76.62551006422339,973.4738689030488,461.0,37.75742256365436,35078985.986696355,2.3203146683289355,,17.8,0.8092595701955729,1.7659900836952038
259,7.325146584546044,18.0,1978-07-23,1978-07-23 19:00:00,76.68860686891429,9.551805520560697,0.0,299.09672332951925,461.0,37.75742256365436,35078985.986696355,2.3203146683289355,,17.8,0.8092595701955729,1.7659900836952038
260,7.272636775290941,19.0,1978-07-23,1978-07-23 20:00:00,76.13125241370226,9.552761244187804,0.0,0.0,461.0,37.75742256365436,35078985.986696355,2.3203146683289355,,17.8,0.8092595701955729,1.7659900836952038
261,7.156736139898305,20.0,1978-07-23,1978-07-23 21:00:00,74.91798399392306,9.552761244187804,0.0,0.0,461.0,37.75742256365436,35078985.986696355,2.3203146683289355,,17.8,0.8092595701955729,1.7659900836952038
262,6.983952670189432,21.0,1978-07-23,1978-07-23 22:00:00,73.11657105199805,9.551805520560697,0.0,0.0,461.0,37.75742256365436,35078985.986696355,2.3203146683289355,,17.8,0.8092595701955729,1.7659900836952038
263,6.764929528129574,22.0,1978-07-23,1978-07-23 23:00:00,70.8235685239587,9.551805520560697,0.0,0.0,461.0,37.75742256365436,35078985.986696355,2.3203146683289355,,17.8,0.8092595701955729,1.7659900836952038
